{"cameraMode":{"drawMode":0,"name":"Shaded","section":"Shading Mode"},"sceneLighting":false,"audioPlay":false,"sceneViewState":{"m_AlwaysRefresh":false,"showFog":true,"showSkybox":false,"showFlares":true,"showImageEffects":true,"showParticleSystems":true,"showVisualEffectGraphs":true,"m_FxEnabled":true},"in2DMode":false,"pivot":{"x":-18.835771560668947,"y":5.275918960571289,"z":-22.89580535888672},"rotation":{"x":0.17376795411109925,"y":-0.051675375550985339,"z":0.009131209924817086,"w":0.9833879470825195},"size":2.1249284744262697,"orthographic":false}