{"cameraMode":{"drawMode":0,"name":"Shaded","section":"Shading Mode"},"sceneLighting":false,"audioPlay":false,"sceneViewState":{"m_AlwaysRefresh":false,"showFog":true,"showSkybox":false,"showFlares":true,"showImageEffects":true,"showParticleSystems":true,"showVisualEffectGraphs":true,"m_FxEnabled":true},"in2DMode":false,"pivot":{"x":-3.938322067260742,"y":1.2349735498428345,"z":-7.715415954589844},"rotation":{"x":0.0012031988007947803,"y":0.9983478784561157,"z":-0.022775793448090555,"w":0.0530780591070652},"size":2.909052848815918,"orthographic":false}