{"cameraMode":{"drawMode":0,"name":"Shaded","section":"Shading Mode"},"sceneLighting":false,"audioPlay":false,"sceneViewState":{"m_AlwaysRefresh":false,"showFog":true,"showSkybox":false,"showFlares":true,"showImageEffects":true,"showParticleSystems":true,"showVisualEffectGraphs":true,"m_FxEnabled":true},"in2DMode":false,"pivot":{"x":3.9853410720825197,"y":1.1861759424209595,"z":-7.637886047363281},"rotation":{"x":0.0012031988007947803,"y":0.9983478784561157,"z":-0.022775793448090555,"w":0.0530780591070652},"size":2.5310373306274416,"orthographic":false}