{"cameraMode":{"drawMode":0,"name":"Shaded","section":"Shading Mode"},"sceneLighting":true,"audioPlay":false,"sceneViewState":{"m_AlwaysRefresh":false,"showFog":true,"showSkybox":true,"showFlares":true,"showImageEffects":true,"showParticleSystems":true,"showVisualEffectGraphs":true,"m_FxEnabled":true},"in2DMode":false,"pivot":{"x":-1.4802660942077637,"y":0.8830609321594238,"z":6.573070526123047},"rotation":{"x":0.09760750830173493,"y":-0.8856932520866394,"z":0.21676039695739747,"w":0.3990441560745239},"size":4.337425708770752,"orthographic":false}