{"cameraMode":{"drawMode":0,"name":"Shaded","section":"Shading Mode"},"sceneLighting":false,"audioPlay":false,"sceneViewState":{"m_AlwaysRefresh":false,"showFog":true,"showSkybox":false,"showFlares":true,"showImageEffects":true,"showParticleSystems":true,"showVisualEffectGraphs":true,"m_FxEnabled":true},"in2DMode":false,"pivot":{"x":12.155266761779786,"y":1.491982102394104,"z":0.3110398054122925},"rotation":{"x":0.0012031988007947803,"y":0.9983478784561157,"z":-0.022775793448090555,"w":0.0530780591070652},"size":3.115400552749634,"orthographic":false}