{"cameraMode":{"drawMode":0,"name":"Shaded","section":"Shading Mode"},"sceneLighting":false,"audioPlay":false,"sceneViewState":{"m_AlwaysRefresh":false,"showFog":true,"showSkybox":false,"showFlares":true,"showImageEffects":true,"showParticleSystems":true,"showVisualEffectGraphs":true,"m_FxEnabled":true},"in2DMode":false,"pivot":{"x":-11.99042797088623,"y":1.127016544342041,"z":-7.337613105773926},"rotation":{"x":0.0012031988007947803,"y":0.9983478784561157,"z":-0.022775793448090555,"w":0.0530780591070652},"size":2.769376516342163,"orthographic":false}