{"cameraMode":{"drawMode":0,"name":"Shaded","section":"Shading Mode"},"sceneLighting":false,"audioPlay":false,"sceneViewState":{"m_AlwaysRefresh":false,"showFog":true,"showSkybox":false,"showFlares":true,"showImageEffects":true,"showParticleSystems":true,"showVisualEffectGraphs":true,"m_FxEnabled":true},"in2DMode":false,"pivot":{"x":-5.732916831970215,"y":5.259369850158691,"z":-23.119691848754884},"rotation":{"x":-0.029016176238656045,"y":-0.07489804923534394,"z":-0.0021803334821015598,"w":0.9967671036720276},"size":3.0934038162231447,"orthographic":false}