{"cameraMode":{"drawMode":0,"name":"Shaded","section":"Shading Mode"},"sceneLighting":false,"audioPlay":false,"sceneViewState":{"m_AlwaysRefresh":false,"showFog":true,"showSkybox":false,"showFlares":true,"showImageEffects":true,"showParticleSystems":true,"showVisualEffectGraphs":true,"m_FxEnabled":true},"in2DMode":false,"pivot":{"x":12.061677932739258,"y":1.6294139623641968,"z":-7.688960075378418},"rotation":{"x":0.0012031988007947803,"y":0.9983478784561157,"z":-0.022775793448090555,"w":0.0530780591070652},"size":3.1448776721954347,"orthographic":false}